	Genre	Accuracy	Precision	Recall	F1
0	pop	0.7783267144804694	0.6916180792567311	0.8368739917547948	0.7573440434981493
1	rap	0.9403621599193883	0.8717228281087854	0.9269229568095937	0.8984758512479251
2	rock	0.8492561199691778	0.6411958642653688	0.4505397525805689	0.5292201181022195
3	rb	0.9568994131942387	0.5889340927583401	0.23145305704783833	0.33230797484045727
4	misc	0.9869657993005749	0.9278242677824268	0.7488391726466863	0.8287783228217706
5	country	0.9787297729832256	0.6627150162715016	0.3324006062725895	0.44273623728550354
